comment_id,user_id,post_id,comment_text,timestamp
cb874cb8-d701-4a3d-8c07-84f69aeaaf68,7d5daf09-5edf-4050-a948-bb5414ec7dd4,538f2ac7-3140-42af-95b1-d36594968c7b,Stock seven put majority officer environmental increase later plant they behavior middle.,2025-02-24 00:37:32
1523fd1a-0d0d-46cc-a22b-defa634b83af,947d1507-fe62-44aa-b017-e014a9211c23,86c1bee4-8d0b-4089-9af7-5fc6de9b10ee,Lawyer maintain old than suggest behavior will play recently sure somebody huge.,2025-03-25 10:16:55
df0f94e5-ffbf-45f5-bef3-5097592c4ee9,ed888321-c2fa-4aae-ba0a-971a4322e55b,45a01369-e210-435a-a7c2-972b07f6e5f1,Manager follow exist natural candidate system small thus several animal.,2025-05-02 14:12:29
3620c947-9184-4e01-a976-be0e6aa0d069,aa015ed6-68cb-4e9f-b6fc-304a73f86c11,f9ba717a-0fa7-44c3-919d-a4284ad34893,Administration upon citizen lead yeah into yet travel think few themselves theory behavior growth.,2025-01-17 00:06:27
e826e2e6-1c29-4a5f-aab3-70d80cab62b2,7bbbd43c-a27f-4235-9f29-068933d244df,45a01369-e210-435a-a7c2-972b07f6e5f1,Professor power appear personal rise sense investment before believe degree back order.,2025-04-11 20:47:08
3b1def4c-bf57-4431-a63e-b9b50927e836,f80a6052-662c-4371-9094-49b7ff0fea94,ed70bec3-2706-4418-80b8-8dc502b7cef3,Act receive stage write institution car audience him room bill finish thing case.,2025-05-31 04:35:13
d1bafbfa-1bd3-43ff-8c38-946dade9aa4d,f80a6052-662c-4371-9094-49b7ff0fea94,df7d8e20-78b2-4738-ae0c-6714f21cf9ef,Political quality attention none particular clearly goal defense security.,2025-03-21 22:42:25
21874731-dfbe-4ab2-b19a-3ab623721cc6,5268ea6a-7bd3-4256-b4c2-a8e374882e81,646bba62-bbcf-4cc0-819f-e6b0ef258ba2,Rather team beautiful beyond sell operation himself white fire cause everybody base network outside parent single.,2025-05-15 01:51:06
5a19cd66-be57-4542-b153-cee231d1b969,7170e4d9-3fb5-47d2-ae5c-cbf0e985887c,5ef8c79f-35a7-4372-a0e4-ad48ff6c6a7f,Summer probably feeling military meeting security far.,2025-01-11 14:18:38
f40c8bd1-0583-401e-8d70-98e19b6b54d8,de632ad4-e841-410b-9e84-f8544f43c4f1,7c3bd8b8-7c26-4288-bbe9-6f81f3dadd5f,Manager both matter order month within would value car team.,2025-04-21 08:50:40
