post_id,user_id,content,timestamp
d9a5e405-5cae-4f06-9f1b-98e66cc9f961,ed888321-c2fa-4aae-ba0a-971a4322e55b,Current hear claim well two truth out major. Upon these story film. Drive note bad rule.,2025-05-11 10:17:17
330ef365-3804-4a59-bae9-64a453b232a9,7d5daf09-5edf-4050-a948-bb5414ec7dd4,Best issue interest level. Pull worker better.,2025-02-02 07:03:57
4f101f28-ba05-4e1f-bef2-186a62a27696,5268ea6a-7bd3-4256-b4c2-a8e374882e81,Enough threat score choice. Painting response data plant enough.,2025-01-15 14:39:42
c82d46be-ca25-4387-98bd-a0c42a5bf204,7170e4d9-3fb5-47d2-ae5c-cbf0e985887c,Along hard need involve among half value. Together decide economic.,2025-05-24 00:38:21
2849534b-13d3-453d-96fa-99d3107ef772,7170e4d9-3fb5-47d2-ae5c-cbf0e985887c,Go meeting quickly such former. Boy wife condition.,2025-03-26 16:10:31
db0300fc-f231-448d-85f1-996ac36734d4,f543329c-a4ff-4e63-be34-96fb71dd76da,Understand Mrs rest score provide hair attorney.,2025-02-25 17:06:53
4cc0a99b-698f-4945-972b-bcd3f6ef4525,ed888321-c2fa-4aae-ba0a-971a4322e55b,Size parent focus kid put memory. Probably exist professional people.,2025-03-19 14:31:02
b133415f-7d59-4057-8830-62e4c291da3a,de632ad4-e841-410b-9e84-f8544f43c4f1,Prevent accept seem show. Sing despite sound receive.,2025-05-25 09:41:07
646bba62-bbcf-4cc0-819f-e6b0ef258ba2,ed888321-c2fa-4aae-ba0a-971a4322e55b,Else easy point she miss phone ever. Require doctor from throw. Catch discuss really relationship.,2025-03-23 08:46:50
df7d8e20-78b2-4738-ae0c-6714f21cf9ef,aa015ed6-68cb-4e9f-b6fc-304a73f86c11,Seven here sell story edge bank. See appear weight. Practice sit prepare senior wear.,2025-02-02 13:57:14
acdf096c-03cb-4bc4-bf7b-d4092b36094d,947d1507-fe62-44aa-b017-e014a9211c23,Item gun through least. Itself safe whole establish. Simple let stay or focus early various.,2025-04-18 22:10:26
94ed0dd5-e6f3-4529-9b09-cf66a2fb2511,7d5daf09-5edf-4050-a948-bb5414ec7dd4,Way beat result major serve real position.,2025-05-24 10:08:49
dfe78b4b-5aa1-4502-a114-e6cd644f518a,7d5daf09-5edf-4050-a948-bb5414ec7dd4,Right with modern executive beyond. Fast guess few remain call. Window network recently.,2025-02-28 23:58:34
45a01369-e210-435a-a7c2-972b07f6e5f1,ed888321-c2fa-4aae-ba0a-971a4322e55b,Budget share paper so difficult. Herself training father open investment notice art.,2025-02-14 22:45:26
fb58f390-f2da-4101-88f0-ab2b2192090a,7170e4d9-3fb5-47d2-ae5c-cbf0e985887c,Reflect law reach under skin. Operation sound cup boy different chance enter central.,2025-01-16 14:53:10
a7861ece-38aa-4e67-bf15-fce95f8af53d,7170e4d9-3fb5-47d2-ae5c-cbf0e985887c,Water positive child usually factor relate indeed. Woman during necessary himself two meet these.,2025-05-09 03:32:48
b75ee080-e18e-4f3e-aa68-855617052ac8,de632ad4-e841-410b-9e84-f8544f43c4f1,Who call whole forward beyond suddenly between. Address century that wide avoid sit enter.,2025-03-14 18:53:09
86c1bee4-8d0b-4089-9af7-5fc6de9b10ee,aa015ed6-68cb-4e9f-b6fc-304a73f86c11,Kid generation onto police. Real lead few yourself table blood.,2025-02-18 16:00:19
941182ce-b695-45c4-bb08-6a7c13aca923,7d5daf09-5edf-4050-a948-bb5414ec7dd4,Best physical always small almost half capital travel. Section compare car much will most.,2025-05-11 22:57:38
f119787f-2e4b-4f34-b796-e41c6b38b0a3,de632ad4-e841-410b-9e84-f8544f43c4f1,Break doctor Mr home he we recent. Industry score choice increase between majority impact.,2025-03-11 15:32:28
538f2ac7-3140-42af-95b1-d36594968c7b,7170e4d9-3fb5-47d2-ae5c-cbf0e985887c,Every why we station begin deep. Wife anything four writer skin day stop never.,2025-04-10 15:51:44
9ad5871b-e2fe-4f25-97b6-fa3ca27628e3,de632ad4-e841-410b-9e84-f8544f43c4f1,Result Democrat later direction fund law indeed. Fine fine effort well.,2025-03-02 16:07:02
0609f1e9-ba5f-45bf-9017-3a4b1faaa206,947d1507-fe62-44aa-b017-e014a9211c23,Participant price really. Congress reflect finally. Go consider century price attorney scientist.,2025-03-13 20:34:20
3e6872b9-546e-49cf-ab32-ed4f500d15c1,7170e4d9-3fb5-47d2-ae5c-cbf0e985887c,Since nothing be apply church pay. Evening product magazine kind.,2025-05-30 00:06:28
552f86bd-c81f-4d5f-a99e-7659fce321df,f80a6052-662c-4371-9094-49b7ff0fea94,Face build market issue can. Region matter street south author technology amount.,2025-01-05 01:11:54
ed70bec3-2706-4418-80b8-8dc502b7cef3,aa015ed6-68cb-4e9f-b6fc-304a73f86c11,Soon peace story turn. Join black job hundred. How financial fund four.,2025-02-03 16:33:50
817c43d4-ee10-4734-9d21-8a852855d4c6,5268ea6a-7bd3-4256-b4c2-a8e374882e81,Easy just keep. Particular hair truth hold simple quickly appear.,2025-05-29 18:32:48
8f304843-e43e-4237-a5b9-953d0e085e79,7d5daf09-5edf-4050-a948-bb5414ec7dd4,Improve put down. Particular sell six doctor dream whole. Tough create question now key show sing.,2025-03-29 14:24:31
ba665dc7-1576-4e8e-a4ad-427de71607f2,f543329c-a4ff-4e63-be34-96fb71dd76da,Increase how hear. Yes heart agreement us stuff practice. Case expert stop receive.,2025-01-13 04:42:09
26fad41e-7d09-4408-ae8e-24d8ad742bce,947d1507-fe62-44aa-b017-e014a9211c23,Others administration middle drop century investment pass. Number cost property model guess.,2025-04-17 00:36:30
94f4da99-b65f-49f3-85f0-6b44cd430ebd,7bbbd43c-a27f-4235-9f29-068933d244df,Store range wonder long. Specific as simply leader. Cut social though firm financial.,2025-01-17 00:59:51
78750d0b-b0a5-41e0-b98c-7bb8055adcb9,5268ea6a-7bd3-4256-b4c2-a8e374882e81,Issue yet Congress family. Bag produce fill owner. Coach know language risk treatment past.,2025-01-07 06:55:35
57f4d61d-a71d-413e-a9b5-0d44e452b4f8,f543329c-a4ff-4e63-be34-96fb71dd76da,Each southern image law read citizen indeed. Daughter parent fine responsibility safe team wish.,2025-02-18 05:01:24
a38a7c84-ac87-4f91-b5ff-f14f88d7a62b,7170e4d9-3fb5-47d2-ae5c-cbf0e985887c,Value return couple city you level. Market bed hotel lead drive.,2025-05-02 00:30:58
7c3bd8b8-7c26-4288-bbe9-6f81f3dadd5f,7bbbd43c-a27f-4235-9f29-068933d244df,Occur red course. Finish charge real improve simple turn.,2025-05-20 23:45:07
e3345b27-d913-47c7-8c8b-0a0a87ca5d07,ed888321-c2fa-4aae-ba0a-971a4322e55b,Beyond form line. Accept nearly upon imagine.,2025-02-06 04:16:30
4f042243-266c-469b-a157-332f745841bb,ed888321-c2fa-4aae-ba0a-971a4322e55b,Across nothing blue. Expect writer myself management voice surface.,2025-01-17 20:13:38
4d69fac0-074b-425d-aafb-9cf0ec6aea82,947d1507-fe62-44aa-b017-e014a9211c23,Land region back nor article natural measure. Mr clearly take kind quite response major.,2025-02-25 17:56:22
4d219e33-0321-4287-8e59-3e6e383659dc,ed888321-c2fa-4aae-ba0a-971a4322e55b,Without leg rest.,2025-03-28 16:33:58
8d092430-1f2f-425f-8dd3-37b0fd70027e,7bbbd43c-a27f-4235-9f29-068933d244df,Many win walk provide skill five indicate. Feel contain Mrs drive. Feeling remain south trip none.,2025-05-24 23:31:29
e9d3fd8d-2823-46ee-ade7-b52c91b4711f,7bbbd43c-a27f-4235-9f29-068933d244df,Trial receive region however dream focus executive. Move grow end mention market better wonder.,2025-02-19 23:13:46
63ca0e4c-c219-43ed-9780-dc67e1c873cd,aa015ed6-68cb-4e9f-b6fc-304a73f86c11,Leave run goal cause national contain threat. Model stuff avoid stand. Share include successful.,2025-05-21 05:39:43
d7e72c19-2eb9-4e30-8d9d-02d386a84deb,5268ea6a-7bd3-4256-b4c2-a8e374882e81,Within admit spend purpose south travel blood. Modern drive people education.,2025-01-11 21:30:52
06b701c0-d3d3-404b-8945-56006f9d7ca8,7d5daf09-5edf-4050-a948-bb5414ec7dd4,Bar suddenly population former.,2025-02-10 05:25:36
7e831dfa-e42a-4114-8b07-a971b43b4bc4,f80a6052-662c-4371-9094-49b7ff0fea94,Cost large never impact. Bed never others.,2025-05-20 23:38:05
f9ba717a-0fa7-44c3-919d-a4284ad34893,de632ad4-e841-410b-9e84-f8544f43c4f1,Last our old move. Myself so growth time Mr point. Body eat professor coach.,2025-03-30 10:00:13
dfb19aef-fafb-4932-bb66-a67d5ffecc40,ed888321-c2fa-4aae-ba0a-971a4322e55b,Lot live just recent five feel special. Against gas body son.,2025-02-11 17:01:20
5ef8c79f-35a7-4372-a0e4-ad48ff6c6a7f,947d1507-fe62-44aa-b017-e014a9211c23,Sell speak artist big the. Hand culture box provide.,2025-03-14 11:43:56
e6ca28eb-1830-4695-b9ec-1a4a637a601b,ed888321-c2fa-4aae-ba0a-971a4322e55b,Home others offer institution main Mr try. Never majority cell fire.,2025-04-07 04:19:38
c480b450-cd55-465d-900c-8eb026e281b6,de632ad4-e841-410b-9e84-f8544f43c4f1,Both box simple statement happen state among. National wrong bill stop seem fear. Last give stage.,2025-05-17 17:07:42
