user_id,name,username,email
7d5daf09-5edf-4050-a948-bb5414ec7dd4,Allison Hill,donaldgarcia,garzaanthony@example.org
ed888321-c2fa-4aae-ba0a-971a4322e55b,Jonathan Johnson,jennifermiles,lrobinson@example.com
f543329c-a4ff-4e63-be34-96fb71dd76da,Abigail Shaffer,jpeterson,susanrogers@example.org
7170e4d9-3fb5-47d2-ae5c-cbf0e985887c,Ian Cooper,lindsay78,dudleynicholas@example.net
5268ea6a-7bd3-4256-b4c2-a8e374882e81,Mark Mcclure,barbara10,kendragalloway@example.org
7bbbd43c-a27f-4235-9f29-068933d244df,Jamie Chavez,francisco53,jacqueline19@example.net
947d1507-fe62-44aa-b017-e014a9211c23,Nicholas Martin,onelson,gabriellecameron@example.org
f80a6052-662c-4371-9094-49b7ff0fea94,Andrew Stewart,carl95,dianafoster@example.net
de632ad4-e841-410b-9e84-f8544f43c4f1,Derek Wright,julie69,icox@example.net
aa015ed6-68cb-4e9f-b6fc-304a73f86c11,Peter Callahan Jr.,laurahenderson,cruzcaitlin@example.com
